{"sane": true, "normalizes": true, "range": true, "log_prob": -1163.8528525531292, "avg_log_prob": -2.327705705106258, "perplexity": 10.254387934048724}